{
  "test_loss": 5.985709819793701,
  "test_perplexity": 397.7047197645945,
  "steps": 38500
}